unit,question_text,question_image,difficulty,active,choice1_text,choice1_image,choice1_correct,choice2_text,choice2_image,choice2_correct,choice3_text,choice3_image,choice3_correct,choice4_text,choice4_image,choice4_correct
‡πÄ‡∏´‡∏ï‡∏∏‡∏ú‡∏•‡πÄ‡∏ä‡∏¥‡∏á‡∏ï‡∏£‡∏£‡∏Å‡∏∞,‡∏Ç‡πâ‡∏≠‡πÉ‡∏î‡∏Ñ‡∏∑‡∏≠‡∏Å‡∏≤‡∏£‡πÅ‡∏Å‡πâ‡∏õ‡∏±‡∏ç‡∏´‡∏≤‡πÇ‡∏î‡∏¢‡πÉ‡∏ä‡πâ‡πÄ‡∏´‡∏ï‡∏∏‡∏ú‡∏•‡πÄ‡∏ä‡∏¥‡∏á‡∏ï‡∏£‡∏£‡∏Å‡∏∞ ,,2,1,‡∏Å. ‡πÄ‡∏î‡∏≤‡∏™‡∏∏‡πà‡∏°‡∏Ñ‡∏≥‡∏ï‡∏≠‡∏ö‡∏Ç‡∏≠‡∏á‡∏õ‡∏±‡∏ç‡∏´‡∏≤,,0,‡∏Ç. ‡∏ñ‡∏≤‡∏°‡∏Ñ‡∏≥‡∏ï‡∏≠‡∏ö‡∏à‡∏≤‡∏Å‡πÄ‡∏û‡∏∑‡πà‡∏≠‡∏ô,,0,‡∏Ñ. ‡∏ó‡∏≥‡∏ï‡∏≤‡∏°‡∏Ñ‡∏ß‡∏≤‡∏°‡∏£‡∏π‡πâ‡∏™‡∏∂‡∏Å‡∏Ç‡∏≠‡∏á‡∏ï‡∏ô‡πÄ‡∏≠‡∏á,,0,‡∏á. ‡∏Ñ‡∏¥‡∏î‡∏´‡∏≤‡πÄ‡∏´‡∏ï‡∏∏‡∏ú‡∏•‡∏Å‡πà‡∏≠‡∏ô‡∏ï‡∏±‡∏î‡∏™‡∏¥‡∏ô‡πÉ‡∏à‡πÄ‡∏•‡∏∑‡∏≠‡∏Å‡πÄ‡∏™‡πâ‡∏ô‡∏ó‡∏≤‡∏á‡∏ó‡∏µ‡πà‡∏™‡∏±‡πâ‡∏ô‡∏ó‡∏µ‡πà‡∏™‡∏∏‡∏î,,1
‡πÄ‡∏´‡∏ï‡∏∏‡∏ú‡∏•‡πÄ‡∏ä‡∏¥‡∏á‡∏ï‡∏£‡∏£‡∏Å‡∏∞,‡∏û‡∏¥‡∏à‡∏≤‡∏£‡∏ì‡∏≤‡πÅ‡∏ö‡∏ö‡∏£‡∏π‡∏õ‡∏ï‡πà‡∏≠‡πÑ‡∏õ‡∏ô‡∏µ‡πâ: üîµ üü° üî¥ üîµ üü° üî¥ üîµ ? ‡∏£‡∏π‡∏õ‡∏ñ‡∏±‡∏î‡πÑ‡∏õ‡πÉ‡∏ô‡∏ä‡πà‡∏≠‡∏á‡∏ß‡πà‡∏≤‡∏á‡∏Ñ‡∏∑‡∏≠‡∏£‡∏π‡∏õ‡πÉ‡∏î,,2,1,‡∏Å. üîµ,,0,‡∏Ç. üü°,,1,‡∏Ñ. üî¥,,0,‡∏á. üü¢,,0
‡πÄ‡∏´‡∏ï‡∏∏‡∏ú‡∏•‡πÄ‡∏ä‡∏¥‡∏á‡∏ï‡∏£‡∏£‡∏Å‡∏∞,‡∏ñ‡πâ‡∏≤‡∏ù‡∏ô‡∏ï‡∏Å ‡πÅ‡∏•‡πâ‡∏ß‡∏û‡∏∑‡πâ‡∏ô‡∏à‡∏∞‡πÄ‡∏õ‡∏µ‡∏¢‡∏Å ‡∏ß‡∏±‡∏ô‡∏ô‡∏µ‡πâ‡∏û‡∏∑‡πâ‡∏ô‡πÄ‡∏õ‡∏µ‡∏¢‡∏Å ‡πÅ‡∏™‡∏î‡∏á‡∏ß‡πà‡∏≤‡πÄ‡∏Å‡∏¥‡∏î‡∏≠‡∏∞‡πÑ‡∏£‡∏Ç‡∏∂‡πâ‡∏ô,,2,1,‡∏Å. ‡∏ù‡∏ô‡∏≠‡∏≤‡∏à‡∏à‡∏∞‡∏ï‡∏Å,,1,‡∏Ç. ‡πÅ‡∏î‡∏î‡∏ï‡πâ‡∏≠‡∏á‡∏≠‡∏≠‡∏Å‡πÅ‡∏ô‡πà‡∏ô‡∏≠‡∏ô,,0,‡∏Ñ. ‡∏ï‡πâ‡∏≠‡∏á‡∏°‡∏µ‡∏Ñ‡∏ô‡∏ó‡∏≥‡∏ô‡πâ‡∏≥‡∏´‡∏Å,,0,‡∏á. ‡πÄ‡∏õ‡πá‡∏ô‡πÑ‡∏õ‡πÑ‡∏°‡πà‡πÑ‡∏î‡πâ‡∏ó‡∏µ‡πà‡∏à‡∏∞‡∏£‡∏π‡πâ‡∏™‡∏≤‡πÄ‡∏´‡∏ï‡∏∏,,0
‡πÄ‡∏´‡∏ï‡∏∏‡∏ú‡∏•‡πÄ‡∏ä‡∏¥‡∏á‡∏ï‡∏£‡∏£‡∏Å‡∏∞,‡∏à‡∏≤‡∏Å‡∏†‡∏≤‡∏û ‡∏•‡∏≥‡∏î‡∏±‡∏ö‡πÄ‡∏´‡∏ï‡∏∏‡∏Å‡∏≤‡∏£‡∏ì‡πå‡πÉ‡∏î‡∏ñ‡∏π‡∏Å‡∏ï‡πâ‡∏≠‡∏á (‡∏†‡∏≤‡∏û: 1.‡πÄ‡∏°‡∏•‡πá‡∏î‡∏û‡∏∑‡∏ä -> 2.‡∏ï‡πâ‡∏ô‡∏≠‡πà‡∏≠‡∏ô -> 3.‡∏ï‡πâ‡∏ô‡πÑ‡∏°‡πâ‡∏°‡∏µ‡∏î‡∏≠‡∏Å -> 4.‡∏ï‡πâ‡∏ô‡πÑ‡∏°‡πâ‡∏°‡∏µ‡∏ú‡∏•),,2,1,‡∏Å. 1 -> 2 -> 3 -> 4,,1,‡∏Ç. 2 -> 1 -> 4 -> 3,,0,‡∏Ñ. 4 -> 3 -> 2 -> 1,,0,‡∏á. 1 -> 3 -> 2 -> 4,,0
‡πÄ‡∏´‡∏ï‡∏∏‡∏ú‡∏•‡πÄ‡∏ä‡∏¥‡∏á‡∏ï‡∏£‡∏£‡∏Å‡∏∞,‡∏´‡∏≤‡∏Å‡∏ï‡πâ‡∏≠‡∏á‡∏Å‡∏≤‡∏£‡πÑ‡∏õ‡πÇ‡∏£‡∏á‡πÄ‡∏£‡∏µ‡∏¢‡∏ô‡πÉ‡∏´‡πâ‡∏ó‡∏±‡∏ô‡πÄ‡∏ß‡∏•‡∏≤ ‡∏Ñ‡∏ß‡∏£‡∏ó‡∏≥‡∏™‡∏¥‡πà‡∏á‡πÉ‡∏î‡πÄ‡∏õ‡πá‡∏ô‡∏≠‡∏±‡∏ô‡∏î‡∏±‡∏ö‡πÅ‡∏£‡∏Å‡∏™‡∏∏‡∏î ,,2,1,‡∏Å. ‡∏Å‡∏¥‡∏ô‡∏Ç‡πâ‡∏≤‡∏ß‡πÄ‡∏ä‡πâ‡∏≤,,0,‡∏Ç. ‡∏ï‡∏∑‡πà‡∏ô‡∏ô‡∏≠‡∏ô,,1,‡∏Ñ. ‡∏≠‡∏≤‡∏ö‡∏ô‡πâ‡∏≥,,0,‡∏á. ‡πÅ‡∏ï‡πà‡∏á‡∏ï‡∏±‡∏ß,,0
‡πÄ‡∏´‡∏ï‡∏∏‡∏ú‡∏•‡πÄ‡∏ä‡∏¥‡∏á‡∏ï‡∏£‡∏£‡∏Å‡∏∞,‡∏ñ‡πâ‡∏≤‡∏ï‡πâ‡∏≠‡∏á‡∏Å‡∏≤‡∏£‡∏´‡∏≤‡∏Ç‡∏≠‡∏á‡∏ó‡∏µ‡πà‡∏´‡∏≤‡∏¢‡πÑ‡∏õ‡πÉ‡∏ô‡∏´‡πâ‡∏≠‡∏á ‡∏™‡∏¥‡πà‡∏á‡πÅ‡∏£‡∏Å‡∏ó‡∏µ‡πà‡∏Ñ‡∏ß‡∏£‡∏ó‡∏≥‡∏Ñ‡∏∑‡∏≠‡∏≠‡∏∞‡πÑ‡∏£,,2,1,‡∏Å. ‡∏£‡πâ‡∏≠‡∏á‡πÑ‡∏´‡πâ,,0,‡∏Ç. ‡∏ã‡∏∑‡πâ‡∏≠‡πÉ‡∏´‡∏°‡πà,,0,‡∏Ñ. ‡∏ß‡∏≤‡∏á‡πÅ‡∏ú‡∏ô‡∏Å‡∏≤‡∏£‡∏Ñ‡πâ‡∏ô‡∏´‡∏≤‡∏≠‡∏¢‡πà‡∏≤‡∏á‡πÄ‡∏õ‡πá‡∏ô‡∏£‡∏∞‡∏ö‡∏ö,,1,‡∏á. ‡∏ö‡∏≠‡∏Å‡πÉ‡∏´‡πâ‡∏Ñ‡∏ô‡∏≠‡∏∑‡πà‡∏ô‡∏´‡∏≤‡πÉ‡∏´‡πâ,,0
‡∏≠‡∏±‡∏•‡∏Å‡∏≠‡∏£‡∏¥‡∏ó‡∏∂‡∏°,"""‡∏≠‡∏±‡∏•‡∏Å‡∏≠‡∏£‡∏¥‡∏ó‡∏∂‡∏°"" ‡∏´‡∏°‡∏≤‡∏¢‡∏ñ‡∏∂‡∏á‡∏≠‡∏∞‡πÑ‡∏£",,2,1,‡∏Å. ‡∏ä‡∏∑‡πà‡∏≠‡∏Ç‡∏≠‡∏á‡πÇ‡∏õ‡∏£‡πÅ‡∏Å‡∏£‡∏°‡∏Ñ‡∏≠‡∏°‡∏û‡∏¥‡∏ß‡πÄ‡∏ï‡∏≠‡∏£‡πå,,0,‡∏Ç. ‡∏†‡∏≤‡∏©‡∏≤‡∏ó‡∏µ‡πà‡πÉ‡∏ä‡πâ‡∏Ñ‡∏∏‡∏¢‡∏Å‡∏±‡∏ö‡∏Ñ‡∏≠‡∏°‡∏û‡∏¥‡∏ß‡πÄ‡∏ï‡∏≠‡∏£‡πå,,0,‡∏Ñ. ‡∏Ç‡∏±‡πâ‡∏ô‡∏ï‡∏≠‡∏ô‡∏Å‡∏≤‡∏£‡πÅ‡∏Å‡πâ‡∏õ‡∏±‡∏ç‡∏´‡∏≤‡∏≠‡∏¢‡πà‡∏≤‡∏á‡πÄ‡∏õ‡πá‡∏ô‡∏•‡∏≥‡∏î‡∏±‡∏ö,,1,‡∏á. ‡∏≠‡∏∏‡∏õ‡∏Å‡∏£‡∏ì‡πå‡∏Ñ‡∏≠‡∏°‡∏û‡∏¥‡∏ß‡πÄ‡∏ï‡∏≠‡∏£‡πå‡∏ä‡∏ô‡∏¥‡∏î‡∏´‡∏ô‡∏∂‡πà‡∏á,,0
‡∏≠‡∏±‡∏•‡∏Å‡∏≠‡∏£‡∏¥‡∏ó‡∏∂‡∏°,‡∏Ç‡πâ‡∏≠‡πÉ‡∏î‡∏Ñ‡∏∑‡∏≠‡∏ï‡∏±‡∏ß‡∏≠‡∏¢‡πà‡∏≤‡∏á‡∏Ç‡∏≠‡∏á‡∏≠‡∏±‡∏•‡∏Å‡∏≠‡∏£‡∏¥‡∏ó‡∏∂‡∏°‡πÉ‡∏ô‡∏ä‡∏µ‡∏ß‡∏¥‡∏ï‡∏õ‡∏£‡∏∞‡∏à‡∏≥‡∏ß‡∏±‡∏ô,,2,1,‡∏Å. ‡∏Ñ‡∏ß‡∏≤‡∏°‡∏£‡∏π‡πâ‡∏™‡∏∂‡∏Å‡∏´‡∏¥‡∏ß,,0,‡∏Ç. ‡∏™‡∏π‡∏ï‡∏£‡∏Å‡∏≤‡∏£‡∏ó‡∏≥‡πÑ‡∏Ç‡πà‡πÄ‡∏à‡∏µ‡∏¢‡∏ß,,1,‡∏Ñ. ‡∏ó‡πâ‡∏≠‡∏á‡∏ü‡πâ‡∏≤‡∏™‡∏µ‡∏Ñ‡∏£‡∏≤‡∏°,,0,‡∏á. ‡πÄ‡∏™‡∏µ‡∏¢‡∏á‡πÄ‡∏û‡∏•‡∏á‡∏ó‡∏µ‡πà‡∏ä‡∏≠‡∏ö,,0
‡∏≠‡∏±‡∏•‡∏Å‡∏≠‡∏£‡∏¥‡∏ó‡∏∂‡∏°,"‡∏Å‡∏≤‡∏£‡∏Å‡∏£‡∏∞‡∏ó‡∏≥‡πÉ‡∏î ‡πÑ‡∏°‡πà‡∏à‡∏±‡∏î‡∏ß‡πà‡∏≤ ‡πÄ‡∏õ‡πá‡∏ô‡∏™‡πà‡∏ß‡∏ô‡∏´‡∏ô‡∏∂‡πà‡∏á‡∏Ç‡∏≠‡∏á‡∏≠‡∏±‡∏•‡∏Å‡∏≠‡∏£‡∏¥‡∏ó‡∏∂‡∏° ""‡∏Å‡∏≤‡∏£‡πÅ‡∏õ‡∏£‡∏á‡∏ü‡∏±‡∏ô""",,2,1,‡∏Å. ‡∏ö‡∏µ‡∏ö‡∏¢‡∏≤‡∏™‡∏µ‡∏ü‡∏±‡∏ô‡∏•‡∏á‡∏ö‡∏ô‡πÅ‡∏õ‡∏£‡∏á,,0,‡∏Ç. ‡πÅ‡∏õ‡∏£‡∏á‡∏ü‡∏±‡∏ô‡πÉ‡∏´‡πâ‡∏ó‡∏±‡πà‡∏ß‡∏ó‡∏∏‡∏Å‡∏ã‡∏µ‡πà,,0,‡∏Ñ. ‡∏ö‡πâ‡∏ß‡∏ô‡∏õ‡∏≤‡∏Å‡∏î‡πâ‡∏ß‡∏¢‡∏ô‡πâ‡∏≥‡∏™‡∏∞‡∏≠‡∏≤‡∏î,,0,‡∏á. ‡πÄ‡∏•‡πà‡∏ô‡πÄ‡∏Å‡∏°‡πÉ‡∏ô‡πÇ‡∏ó‡∏£‡∏®‡∏±‡∏û‡∏ó‡πå,,1
‡∏≠‡∏±‡∏•‡∏Å‡∏≠‡∏£‡∏¥‡∏ó‡∏∂‡∏°,‡∏ó‡∏≥‡πÑ‡∏°‡πÄ‡∏£‡∏≤‡∏ï‡πâ‡∏≠‡∏á‡∏Ñ‡∏¥‡∏î‡∏≠‡∏±‡∏•‡∏Å‡∏≠‡∏£‡∏¥‡∏ó‡∏∂‡∏°‡∏Å‡πà‡∏≠‡∏ô‡∏•‡∏á‡∏°‡∏∑‡∏≠‡πÅ‡∏Å‡πâ‡∏õ‡∏±‡∏ç‡∏´‡∏≤,,2,1,‡∏Å. ‡πÄ‡∏û‡∏∑‡πà‡∏≠‡πÉ‡∏´‡πâ‡∏õ‡∏±‡∏ç‡∏´‡∏≤‡∏¢‡∏≤‡∏Å‡∏Ç‡∏∂‡πâ‡∏ô,,0,‡∏Ç. ‡πÄ‡∏û‡∏∑‡πà‡∏≠‡πÉ‡∏´‡πâ‡πÉ‡∏ä‡πâ‡πÄ‡∏ß‡∏•‡∏≤‡πÅ‡∏Å‡πâ‡∏õ‡∏±‡∏ç‡∏´‡∏≤‡∏ô‡∏≤‡∏ô‡∏Ç‡∏∂‡πâ‡∏ô,,0,‡∏Ñ. ‡πÄ‡∏û‡∏∑‡πà‡∏≠‡πÉ‡∏´‡πâ‡πÅ‡∏Å‡πâ‡∏õ‡∏±‡∏ç‡∏´‡∏≤‡πÑ‡∏î‡πâ‡∏≠‡∏¢‡πà‡∏≤‡∏á‡πÄ‡∏õ‡πá‡∏ô‡∏£‡∏∞‡∏ö‡∏ö‡πÅ‡∏•‡∏∞‡πÑ‡∏°‡πà‡∏ú‡∏¥‡∏î‡∏û‡∏•‡∏≤‡∏î,,1,‡∏á. ‡πÄ‡∏û‡∏∑‡πà‡∏≠‡πÉ‡∏´‡πâ‡∏Ñ‡∏ô‡∏≠‡∏∑‡πà‡∏ô‡πÅ‡∏Å‡πâ‡∏õ‡∏±‡∏ç‡∏´‡∏≤‡πÅ‡∏ó‡∏ô‡πÄ‡∏£‡∏≤,,0
‡∏≠‡∏±‡∏•‡∏Å‡∏≠‡∏£‡∏¥‡∏ó‡∏∂‡∏°,"""‡πÄ‡∏£‡∏¥‡πà‡∏°‡∏ï‡πâ‡∏ô -> ‡πÄ‡∏î‡∏¥‡∏ô‡∏´‡∏ô‡πâ‡∏≤ 3 ‡∏Å‡πâ‡∏≤‡∏ß -> ‡πÄ‡∏•‡∏µ‡πâ‡∏¢‡∏ß‡∏Ç‡∏ß‡∏≤ -> ‡πÄ‡∏î‡∏¥‡∏ô‡∏´‡∏ô‡πâ‡∏≤ 2 ‡∏Å‡πâ‡∏≤‡∏ß -> ‡∏´‡∏¢‡∏∏‡∏î"" ‡∏Ç‡πâ‡∏≠‡∏Ñ‡∏ß‡∏≤‡∏°‡∏ô‡∏µ‡πâ‡∏Ñ‡∏∑‡∏≠‡∏≠‡∏∞‡πÑ‡∏£",,2,1,‡∏Å. ‡∏Ñ‡∏≥‡∏ñ‡∏≤‡∏°,,0,‡∏Ç. ‡∏õ‡∏£‡∏¥‡∏®‡∏ô‡∏≤,,0,‡∏Ñ. ‡∏≠‡∏±‡∏•‡∏Å‡∏≠‡∏£‡∏¥‡∏ó‡∏∂‡∏°,,1,‡∏á. ‡πÄ‡∏£‡∏∑‡πà‡∏≠‡∏á‡πÄ‡∏•‡πà‡∏≤,,0
‡∏≠‡∏±‡∏•‡∏Å‡∏≠‡∏£‡∏¥‡∏ó‡∏∂‡∏°,‡∏´‡∏≤‡∏Å‡∏ó‡∏≥‡∏ï‡∏≤‡∏°‡∏≠‡∏±‡∏•‡∏Å‡∏≠‡∏£‡∏¥‡∏ó‡∏∂‡∏°‡∏ú‡∏¥‡∏î‡∏Ç‡∏±‡πâ‡∏ô‡∏ï‡∏≠‡∏ô ‡∏à‡∏∞‡πÄ‡∏Å‡∏¥‡∏î‡∏≠‡∏∞‡πÑ‡∏£‡∏Ç‡∏∂‡πâ‡∏ô,,2,1,‡∏Å. ‡∏à‡∏∞‡πÑ‡∏î‡πâ‡∏£‡∏±‡∏ö‡∏Ñ‡∏≥‡∏ä‡∏°‡πÄ‡∏ä‡∏¢,,0,‡∏Ç. ‡∏ú‡∏•‡∏•‡∏±‡∏û‡∏ò‡πå‡∏≠‡∏≤‡∏à‡πÑ‡∏°‡πà‡πÄ‡∏õ‡πá‡∏ô‡πÑ‡∏õ‡∏ï‡∏≤‡∏°‡∏ó‡∏µ‡πà‡∏ï‡πâ‡∏≠‡∏á‡∏Å‡∏≤‡∏£,,1,‡∏Ñ. ‡∏à‡∏∞‡πÅ‡∏Å‡πâ‡∏õ‡∏±‡∏ç‡∏´‡∏≤‡πÑ‡∏î‡πâ‡πÄ‡∏£‡πá‡∏ß‡∏Ç‡∏∂‡πâ‡∏ô,,0,‡∏á. ‡πÑ‡∏°‡πà‡∏°‡∏µ‡∏≠‡∏∞‡πÑ‡∏£‡πÄ‡∏Å‡∏¥‡∏î‡∏Ç‡∏∂‡πâ‡∏ô,,0
‡∏Å‡∏≤‡∏£‡πÅ‡∏™‡∏î‡∏á‡∏≠‡∏±‡∏•‡∏Å‡∏≠‡∏£‡∏¥‡∏ó‡∏∂‡∏°‡∏î‡πâ‡∏ß‡∏¢‡∏Ç‡πâ‡∏≠‡∏Ñ‡∏ß‡∏≤‡∏°,"‡∏Ç‡πâ‡∏≠‡πÉ‡∏î‡∏Ñ‡∏∑‡∏≠‡∏Ç‡∏±‡πâ‡∏ô‡∏ï‡∏≠‡∏ô‡πÅ‡∏£‡∏Å‡∏Ç‡∏≠‡∏á ""‡∏≠‡∏±‡∏•‡∏Å‡∏≠‡∏£‡∏¥‡∏ó‡∏∂‡∏°‡∏Å‡∏≤‡∏£‡∏ï‡πâ‡∏°‡∏ö‡∏∞‡∏´‡∏°‡∏µ‡πà‡∏Å‡∏∂‡πà‡∏á‡∏™‡∏≥‡πÄ‡∏£‡πá‡∏à‡∏£‡∏π‡∏õ""",,2,1,‡∏Å. ‡∏â‡∏µ‡∏Å‡∏ã‡∏≠‡∏á‡∏ö‡∏∞‡∏´‡∏°‡∏µ‡πà,,0,‡∏Ç. ‡∏ï‡πâ‡∏°‡∏ô‡πâ‡∏≥‡πÉ‡∏´‡πâ‡πÄ‡∏î‡∏∑‡∏≠‡∏î,,1,‡∏Ñ. ‡πÉ‡∏™‡πà‡πÄ‡∏Ñ‡∏£‡∏∑‡πà‡∏≠‡∏á‡∏õ‡∏£‡∏∏‡∏á,,0,‡∏á. ‡∏Å‡∏¥‡∏ô‡∏ö‡∏∞‡∏´‡∏°‡∏µ‡πà,,0
‡∏Å‡∏≤‡∏£‡πÅ‡∏™‡∏î‡∏á‡∏≠‡∏±‡∏•‡∏Å‡∏≠‡∏£‡∏¥‡∏ó‡∏∂‡∏°‡∏î‡πâ‡∏ß‡∏¢‡∏Ç‡πâ‡∏≠‡∏Ñ‡∏ß‡∏≤‡∏°,"""1. ‡∏ß‡∏≤‡∏î‡∏£‡∏π‡∏õ‡∏ß‡∏á‡∏Å‡∏•‡∏° 2. ‡∏ß‡∏≤‡∏î‡∏£‡∏π‡∏õ‡∏™‡∏≤‡∏°‡πÄ‡∏´‡∏•‡∏µ‡πà‡∏¢‡∏°‡∏ó‡∏±‡∏ö‡∏ö‡∏ô‡∏ß‡∏á‡∏Å‡∏•‡∏° 3. ‡πÄ‡∏ï‡∏¥‡∏°‡∏´‡∏ô‡πâ‡∏≤‡∏ï‡πà‡∏≤‡∏á"" ‡πÄ‡∏õ‡πá‡∏ô‡∏≠‡∏±‡∏•‡∏Å‡∏≠‡∏£‡∏¥‡∏ó‡∏∂‡∏°‡∏Å‡∏≤‡∏£‡∏ß‡∏≤‡∏î‡∏£‡∏π‡∏õ‡∏≠‡∏∞‡πÑ‡∏£",,2,1,‡∏Å. ‡∏£‡∏ñ‡∏¢‡∏ô‡∏ï‡πå,,0,‡∏Ç. ‡∏ö‡πâ‡∏≤‡∏ô,,1,‡∏Ñ. ‡∏ï‡πâ‡∏ô‡πÑ‡∏°‡πâ,,0,‡∏á. ‡∏î‡∏ß‡∏á‡∏≠‡∏≤‡∏ó‡∏¥‡∏ï‡∏¢‡πå,,0
‡∏Å‡∏≤‡∏£‡πÅ‡∏™‡∏î‡∏á‡∏≠‡∏±‡∏•‡∏Å‡∏≠‡∏£‡∏¥‡∏ó‡∏∂‡∏°‡∏î‡πâ‡∏ß‡∏¢‡∏Ç‡πâ‡∏≠‡∏Ñ‡∏ß‡∏≤‡∏°,"‡∏ñ‡πâ‡∏≤‡∏ï‡πâ‡∏≠‡∏á‡∏Å‡∏≤‡∏£‡πÄ‡∏Ç‡∏µ‡∏¢‡∏ô‡∏≠‡∏±‡∏•‡∏Å‡∏≠‡∏£‡∏¥‡∏ó‡∏∂‡∏° ""‡∏Å‡∏≤‡∏£‡∏Ç‡πâ‡∏≤‡∏°‡∏ñ‡∏ô‡∏ô‡∏ï‡∏£‡∏á‡∏ó‡∏≤‡∏á‡∏°‡πâ‡∏≤‡∏•‡∏≤‡∏¢"" ‡∏Ç‡πâ‡∏≠‡πÉ‡∏î‡∏Ñ‡∏ß‡∏£‡∏≠‡∏¢‡∏π‡πà‡πÄ‡∏õ‡πá‡∏ô‡∏•‡∏≥‡∏î‡∏±‡∏ö‡∏™‡∏∏‡∏î‡∏ó‡πâ‡∏≤‡∏¢",,2,1,‡∏Å. ‡∏°‡∏≠‡∏á‡∏ã‡πâ‡∏≤‡∏¢ ‡∏°‡∏≠‡∏á‡∏Ç‡∏ß‡∏≤,,0,‡∏Ç. ‡πÄ‡∏î‡∏¥‡∏ô‡∏Ç‡πâ‡∏≤‡∏°‡∏ñ‡∏ô‡∏ô,,1,‡∏Ñ. ‡∏£‡∏≠‡πÉ‡∏´‡πâ‡∏£‡∏ñ‡∏´‡∏¢‡∏∏‡∏î,,0,‡∏á. ‡πÄ‡∏î‡∏¥‡∏ô‡πÑ‡∏õ‡∏ó‡∏µ‡πà‡∏ó‡∏≤‡∏á‡∏°‡πâ‡∏≤‡∏•‡∏≤‡∏¢,,0
‡∏Å‡∏≤‡∏£‡πÅ‡∏™‡∏î‡∏á‡∏≠‡∏±‡∏•‡∏Å‡∏≠‡∏£‡∏¥‡∏ó‡∏∂‡∏°‡∏î‡πâ‡∏ß‡∏¢‡∏Ç‡πâ‡∏≠‡∏Ñ‡∏ß‡∏≤‡∏°,‡∏Å‡∏≤‡∏£‡πÅ‡∏™‡∏î‡∏á‡∏≠‡∏±‡∏•‡∏Å‡∏≠‡∏£‡∏¥‡∏ó‡∏∂‡∏°‡∏î‡πâ‡∏ß‡∏¢‡∏Ç‡πâ‡∏≠‡∏Ñ‡∏ß‡∏≤‡∏°‡∏°‡∏µ‡∏õ‡∏£‡∏∞‡πÇ‡∏¢‡∏ä‡∏ô‡πå‡∏≠‡∏¢‡πà‡∏≤‡∏á‡πÑ‡∏£,,2,1,‡∏Å. ‡∏ó‡∏≥‡πÉ‡∏´‡πâ‡∏Ñ‡∏ô‡∏≠‡∏∑‡πà‡∏ô‡∏≠‡πà‡∏≤‡∏ô‡πÑ‡∏°‡πà‡πÄ‡∏Ç‡πâ‡∏≤‡πÉ‡∏à,,0,‡∏Ç. ‡∏ó‡∏≥‡πÉ‡∏´‡πâ‡∏ó‡∏∏‡∏Å‡∏Ñ‡∏ô‡πÄ‡∏Ç‡πâ‡∏≤‡πÉ‡∏à‡∏Ç‡∏±‡πâ‡∏ô‡∏ï‡∏≠‡∏ô‡∏ï‡∏£‡∏á‡∏Å‡∏±‡∏ô,,1,‡∏Ñ. ‡∏ó‡∏≥‡πÉ‡∏´‡πâ‡∏î‡∏π‡∏ã‡∏±‡∏ö‡∏ã‡πâ‡∏≠‡∏ô‡πÅ‡∏•‡∏∞‡∏ô‡πà‡∏≤‡∏™‡∏±‡∏ö‡∏™‡∏ô,,0,‡∏á. ‡∏ó‡∏≥‡πÉ‡∏´‡πâ‡∏ï‡πâ‡∏≠‡∏á‡πÉ‡∏ä‡πâ‡∏à‡∏¥‡∏ô‡∏ï‡∏ô‡∏≤‡∏Å‡∏≤‡∏£‡∏™‡∏π‡∏á,,0
‡∏Å‡∏≤‡∏£‡πÅ‡∏™‡∏î‡∏á‡∏≠‡∏±‡∏•‡∏Å‡∏≠‡∏£‡∏¥‡∏ó‡∏∂‡∏°‡∏î‡πâ‡∏ß‡∏¢‡∏Ç‡πâ‡∏≠‡∏Ñ‡∏ß‡∏≤‡∏°,"‡∏´‡∏≤‡∏Å‡∏ï‡πâ‡∏≠‡∏á‡∏Å‡∏≤‡∏£‡∏™‡∏•‡∏±‡∏ö‡∏•‡∏≥‡∏î‡∏±‡∏ö‡∏Ç‡∏±‡πâ‡∏ô‡∏ï‡∏≠‡∏ô‡πÉ‡∏ô ""‡∏≠‡∏±‡∏•‡∏Å‡∏≠‡∏£‡∏¥‡∏ó‡∏∂‡∏°‡∏Å‡∏≤‡∏£‡∏•‡πâ‡∏≤‡∏á‡∏à‡∏≤‡∏ô"" ‡∏Ç‡πâ‡∏≠‡πÉ‡∏î‡∏à‡∏∞‡πÄ‡∏Å‡∏¥‡∏î‡∏õ‡∏±‡∏ç‡∏´‡∏≤‡∏°‡∏≤‡∏Å‡∏ó‡∏µ‡πà‡∏™‡∏∏‡∏î",,2,1,"‡∏Å. ‡∏™‡∏•‡∏±‡∏ö‡∏£‡∏∞‡∏´‡∏ß‡πà‡∏≤‡∏á ""‡∏•‡πâ‡∏≤‡∏á‡∏î‡πâ‡∏ß‡∏¢‡∏ô‡πâ‡∏≥‡∏¢‡∏≤‡∏•‡πâ‡∏≤‡∏á‡∏à‡∏≤‡∏ô"" ‡∏Å‡∏±‡∏ö ""‡∏•‡πâ‡∏≤‡∏á‡∏î‡πâ‡∏ß‡∏¢‡∏ô‡πâ‡∏≥‡∏™‡∏∞‡∏≠‡∏≤‡∏î""",,0,"‡∏Ç. ‡∏™‡∏•‡∏±‡∏ö‡∏£‡∏∞‡∏´‡∏ß‡πà‡∏≤‡∏á ""‡πÄ‡∏Å‡πá‡∏ö‡∏à‡∏≤‡∏ô"" ‡∏Å‡∏±‡∏ö ""‡∏•‡πâ‡∏≤‡∏á‡∏à‡∏≤‡∏ô""",,0,"‡∏Ñ. ‡∏™‡∏•‡∏±‡∏ö‡∏£‡∏∞‡∏´‡∏ß‡πà‡∏≤‡∏á ""‡πÄ‡∏ä‡πá‡∏î‡∏à‡∏≤‡∏ô‡πÉ‡∏´‡πâ‡πÅ‡∏´‡πâ‡∏á"" ‡∏Å‡∏±‡∏ö ""‡∏ô‡∏≥‡∏à‡∏≤‡∏ô‡πÑ‡∏õ‡πÄ‡∏Å‡πá‡∏ö""",,0,"‡∏á. ‡∏™‡∏•‡∏±‡∏ö‡∏£‡∏∞‡∏´‡∏ß‡πà‡∏≤‡∏á ""‡∏Å‡∏ß‡∏≤‡∏î‡πÄ‡∏®‡∏©‡∏≠‡∏≤‡∏´‡∏≤‡∏£‡∏ó‡∏¥‡πâ‡∏á"" ‡∏Å‡∏±‡∏ö ""‡∏•‡πâ‡∏≤‡∏á‡∏î‡πâ‡∏ß‡∏¢‡∏ô‡πâ‡∏≥‡∏¢‡∏≤‡∏•‡πâ‡∏≤‡∏á‡∏à‡∏≤‡∏ô""",,1
‡∏Å‡∏≤‡∏£‡πÅ‡∏™‡∏î‡∏á‡∏≠‡∏±‡∏•‡∏Å‡∏≠‡∏£‡∏¥‡∏ó‡∏∂‡∏°‡∏î‡πâ‡∏ß‡∏¢‡∏Ç‡πâ‡∏≠‡∏Ñ‡∏ß‡∏≤‡∏°,"‡∏Ç‡πâ‡∏≠‡πÉ‡∏î‡∏Ñ‡∏∑‡∏≠‡∏Å‡∏≤‡∏£‡πÄ‡∏£‡∏µ‡∏¢‡∏á‡∏•‡∏≥‡∏î‡∏±‡∏ö ""‡∏≠‡∏±‡∏•‡∏Å‡∏≠‡∏£‡∏¥‡∏ó‡∏∂‡∏°‡∏Å‡∏≤‡∏£‡∏õ‡∏•‡∏π‡∏Å‡∏ï‡πâ‡∏ô‡πÑ‡∏°‡πâ"" ‡∏ó‡∏µ‡πà‡∏ñ‡∏π‡∏Å‡∏ï‡πâ‡∏≠‡∏á",,2,1,‡∏Å. ‡∏£‡∏î‡∏ô‡πâ‡∏≥ -> ‡πÉ‡∏™‡πà‡∏õ‡∏∏‡πã‡∏¢ -> ‡∏Ç‡∏∏‡∏î‡∏´‡∏•‡∏∏‡∏° -> ‡πÉ‡∏™‡πà‡πÄ‡∏°‡∏•‡πá‡∏î,,0,‡∏Ç. ‡∏Ç‡∏∏‡∏î‡∏´‡∏•‡∏∏‡∏° -> ‡πÉ‡∏™‡πà‡πÄ‡∏°‡∏•‡πá‡∏î -> ‡∏Å‡∏•‡∏ö‡∏î‡∏¥‡∏ô -> ‡∏£‡∏î‡∏ô‡πâ‡∏≥,,1,‡∏Ñ. ‡πÉ‡∏™‡πà‡πÄ‡∏°‡∏•‡πá‡∏î -> ‡∏£‡∏î‡∏ô‡πâ‡∏≥ -> ‡∏Ç‡∏∏‡∏î‡∏´‡∏•‡∏∏‡∏° -> ‡∏Å‡∏•‡∏ö‡∏î‡∏¥‡∏ô,,0,‡∏á. ‡∏Å‡∏•‡∏ö‡∏î‡∏¥‡∏ô -> ‡πÉ‡∏™‡πà‡∏õ‡∏∏‡πã‡∏¢ -> ‡∏£‡∏î‡∏ô‡πâ‡∏≥ -> ‡πÉ‡∏™‡πà‡πÄ‡∏°‡∏•‡πá‡∏î,,0
‡∏£‡∏´‡∏±‡∏™‡∏à‡∏≥‡∏•‡∏≠‡∏á,"‡∏à‡∏≤‡∏Å‡∏£‡∏´‡∏±‡∏™‡∏à‡∏≥‡∏•‡∏≠‡∏á : ‡πÄ‡∏£‡∏¥‡πà‡∏°‡∏ï‡πâ‡∏ô ‡∏ó‡∏≥‡∏ã‡πâ‡∏≥ 3 ‡∏£‡∏≠‡∏ö ‡∏û‡∏π‡∏î‡∏ß‡πà‡∏≤ ‚Äú‡∏™‡∏ß‡∏±‡∏™‡∏î‡∏µ"" ‡∏à‡∏ö ‡∏à‡∏∞‡∏°‡∏µ‡∏Å‡∏≤‡∏£‡∏û‡∏π‡∏î‡∏Ñ‡∏≥‡∏ß‡πà‡∏≤ ""‡∏™‡∏ß‡∏±‡∏™‡∏î‡∏µ"" ‡∏ó‡∏±‡πâ‡∏á‡∏´‡∏°‡∏î‡∏Å‡∏µ‡πà‡∏Ñ‡∏£‡∏±‡πâ‡∏á",,2,1,‡∏Å. 1 ‡∏Ñ‡∏£‡∏±‡πâ‡∏á,,0,‡∏Ç. 2 ‡∏Ñ‡∏£‡∏±‡πâ‡∏á,,0,‡∏Ñ. 3 ‡∏Ñ‡∏£‡∏±‡πâ‡∏á,,1,‡∏á. 4 ‡∏Ñ‡∏£‡∏±‡πâ‡∏á,,0
‡∏£‡∏´‡∏±‡∏™‡∏à‡∏≥‡∏•‡∏≠‡∏á,‡∏à‡∏≤‡∏Å‡∏£‡∏´‡∏±‡∏™‡∏à‡∏≥‡∏•‡∏≠‡∏á ‡πÄ‡∏£‡∏¥‡πà‡∏°‡∏ï‡πâ‡∏ô ‡∏ñ‡πâ‡∏≤ (‡∏ß‡∏±‡∏ô‡∏ô‡∏µ‡πâ‡∏ù‡∏ô‡∏ï‡∏Å) ‡πÅ‡∏•‡πâ‡∏ß ‡πÉ‡∏´‡πâ‡∏Å‡∏≤‡∏á‡∏£‡πà‡∏° ‡∏à‡∏ö ‡∏ñ‡πâ‡∏≤‡∏´‡∏≤‡∏Å‡∏ß‡∏±‡∏ô‡∏ô‡∏µ‡πâ‡πÅ‡∏î‡∏î‡∏≠‡∏≠‡∏Å ‡∏à‡∏∞‡∏ï‡πâ‡∏≠‡∏á‡∏ó‡∏≥‡∏≠‡∏∞‡πÑ‡∏£,,2,1,‡∏Å. ‡∏Å‡∏≤‡∏á‡∏£‡πà‡∏°,,0,‡∏Ç. ‡πÑ‡∏°‡πà‡∏ï‡πâ‡∏≠‡∏á‡∏ó‡∏≥‡∏≠‡∏∞‡πÑ‡∏£,,1,‡∏Ñ. ‡πÉ‡∏™‡πà‡πÄ‡∏™‡∏∑‡πâ‡∏≠‡∏Å‡∏±‡∏ô‡∏ù‡∏ô,,0,‡∏á. ‡∏ß‡∏¥‡πà‡∏á‡∏ï‡∏≤‡∏Å‡∏ù‡∏ô,,0
‡∏£‡∏´‡∏±‡∏™‡∏à‡∏≥‡∏•‡∏≠‡∏á,"‡∏Ñ‡∏≥‡∏ß‡πà‡∏≤ ""‡∏ó‡∏≥‡∏ã‡πâ‡∏≥"" ‡πÉ‡∏ô‡∏£‡∏´‡∏±‡∏™‡∏à‡∏≥‡∏•‡∏≠‡∏á ‡∏°‡∏µ‡∏Ñ‡∏ß‡∏≤‡∏°‡∏´‡∏°‡∏≤‡∏¢‡∏ï‡∏£‡∏á‡∏Å‡∏±‡∏ö‡∏Ç‡πâ‡∏≠‡πÉ‡∏î",,2,1,‡∏Å. ‡∏Å‡∏≤‡∏£‡∏ó‡∏≥‡∏á‡∏≤‡∏ô‡πÄ‡∏û‡∏µ‡∏¢‡∏á‡∏Ñ‡∏£‡∏±‡πâ‡∏á‡πÄ‡∏î‡∏µ‡∏¢‡∏ß,,0,‡∏Ç. ‡∏Å‡∏≤‡∏£‡∏ó‡∏≥‡∏á‡∏≤‡∏ô‡πÄ‡∏î‡∏¥‡∏°‡πÜ ‡∏´‡∏•‡∏≤‡∏¢‡∏Ñ‡∏£‡∏±‡πâ‡∏á,,1,‡∏Ñ. ‡∏Å‡∏≤‡∏£‡∏´‡∏¢‡∏∏‡∏î‡∏Å‡∏≤‡∏£‡∏ó‡∏≥‡∏á‡∏≤‡∏ô,,0,‡∏á. ‡∏Å‡∏≤‡∏£‡πÄ‡∏•‡∏∑‡∏≠‡∏Å‡∏ó‡∏≥‡∏≠‡∏¢‡πà‡∏≤‡∏á‡πÉ‡∏î‡∏≠‡∏¢‡πà‡∏≤‡∏á‡∏´‡∏ô‡∏∂‡πà‡∏á,,0
‡∏£‡∏´‡∏±‡∏™‡∏à‡∏≥‡∏•‡∏≠‡∏á,"""‡∏ñ‡πâ‡∏≤ ... ‡πÅ‡∏•‡πâ‡∏ß ..."" ‡πÉ‡∏ô‡∏£‡∏´‡∏±‡∏™‡∏à‡∏≥‡∏•‡∏≠‡∏á ‡πÄ‡∏õ‡πá‡∏ô‡∏Å‡∏≤‡∏£‡∏ó‡∏≥‡∏á‡∏≤‡∏ô‡πÅ‡∏ö‡∏ö‡πÉ‡∏î",,2,1,‡∏Å. ‡πÅ‡∏ö‡∏ö‡∏ß‡∏ô‡∏ã‡πâ‡∏≥,,0,‡∏Ç. ‡πÅ‡∏ö‡∏ö‡∏ï‡∏≤‡∏°‡∏•‡∏≥‡∏î‡∏±‡∏ö,,0,‡∏Ñ. ‡πÅ‡∏ö‡∏ö‡∏°‡∏µ‡πÄ‡∏á‡∏∑‡πà‡∏≠‡∏ô‡πÑ‡∏Ç,,1,‡∏á. ‡πÅ‡∏ö‡∏ö‡∏™‡∏∏‡πà‡∏°,,0
‡∏£‡∏´‡∏±‡∏™‡∏à‡∏≥‡∏•‡∏≠‡∏á,"‡∏à‡∏≤‡∏Å‡∏£‡∏´‡∏±‡∏™‡∏à‡∏≥‡∏•‡∏≠‡∏á ‡πÄ‡∏£‡∏¥‡πà‡∏°‡∏ï‡πâ‡∏ô ‡∏Ñ‡∏∞‡πÅ‡∏ô‡∏ô = 85 ‡∏ñ‡πâ‡∏≤ (‡∏Ñ‡∏∞‡πÅ‡∏ô‡∏ô > 80) ‡πÅ‡∏•‡πâ‡∏ß ‡πÅ‡∏™‡∏î‡∏á‡∏ú‡∏• ‚Äú‡πÄ‡∏Å‡πà‡∏á‡∏°‡∏≤‡∏Å"" ‡∏°‡∏¥‡∏â‡∏∞‡∏ô‡∏±‡πâ‡∏ô ‡πÅ‡∏™‡∏î‡∏á‡∏ú‡∏• ‚Äú‡∏û‡∏¢‡∏≤‡∏¢‡∏≤‡∏°‡∏≠‡∏µ‡∏Å‡∏ô‡∏¥‡∏î"" ‡∏à‡∏ö ‡∏ú‡∏•‡∏•‡∏±‡∏û‡∏ò‡πå‡∏Ñ‡∏∑‡∏≠‡∏≠‡∏∞‡πÑ‡∏£",,2,1,‡∏Å. ‡πÄ‡∏Å‡πà‡∏á‡∏°‡∏≤‡∏Å,,1,‡∏Ç. ‡∏û‡∏¢‡∏≤‡∏¢‡∏≤‡∏°‡∏≠‡∏µ‡∏Å‡∏ô‡∏¥‡∏î,,0,‡∏Ñ. ‡πÑ‡∏°‡πà‡πÅ‡∏™‡∏î‡∏á‡∏ú‡∏•‡∏≠‡∏∞‡πÑ‡∏£‡πÄ‡∏•‡∏¢,,0,‡∏á. ‡πÅ‡∏™‡∏î‡∏á‡∏ú‡∏•‡∏ó‡∏±‡πâ‡∏á‡∏™‡∏≠‡∏á‡∏≠‡∏¢‡πà‡∏≤‡∏á,,0
‡∏£‡∏´‡∏±‡∏™‡∏à‡∏≥‡∏•‡∏≠‡∏á,‡∏£‡∏´‡∏±‡∏™‡∏à‡∏≥‡∏•‡∏≠‡∏á‡∏°‡∏µ‡∏õ‡∏£‡∏∞‡πÇ‡∏¢‡∏ä‡∏ô‡πå‡∏≠‡∏¢‡πà‡∏≤‡∏á‡πÑ‡∏£,,2,1,‡∏Å. ‡πÄ‡∏õ‡πá‡∏ô‡∏†‡∏≤‡∏©‡∏≤‡πÇ‡∏õ‡∏£‡πÅ‡∏Å‡∏£‡∏°‡∏ó‡∏µ‡πà‡∏Ñ‡∏≠‡∏°‡∏û‡∏¥‡∏ß‡πÄ‡∏ï‡∏≠‡∏£‡πå‡πÄ‡∏Ç‡πâ‡∏≤‡πÉ‡∏à‡πÑ‡∏î‡πâ‡∏ó‡∏±‡∏ô‡∏ó‡∏µ,,0,‡∏Ç. ‡πÄ‡∏õ‡πá‡∏ô‡∏£‡πà‡∏≤‡∏á‡∏´‡∏£‡∏∑‡∏≠‡πÅ‡∏ú‡∏ô‡∏ú‡∏±‡∏á‡∏Å‡∏≤‡∏£‡πÄ‡∏Ç‡∏µ‡∏¢‡∏ô‡πÇ‡∏õ‡∏£‡πÅ‡∏Å‡∏£‡∏°‡∏ó‡∏µ‡πà‡∏°‡∏ô‡∏∏‡∏©‡∏¢‡πå‡∏≠‡πà‡∏≤‡∏ô‡πÄ‡∏Ç‡πâ‡∏≤‡πÉ‡∏à‡∏á‡πà‡∏≤‡∏¢,,1,‡∏Ñ. ‡πÄ‡∏õ‡πá‡∏ô‡πÇ‡∏Ñ‡πâ‡∏î‡∏ó‡∏µ‡πà‡∏ó‡∏≥‡∏á‡∏≤‡∏ô‡∏ú‡∏¥‡∏î‡∏û‡∏•‡∏≤‡∏î‡πÄ‡∏™‡∏°‡∏≠,,0,‡∏á. ‡πÄ‡∏õ‡πá‡∏ô‡πÇ‡∏Ñ‡πâ‡∏î‡∏ó‡∏µ‡πà‡πÉ‡∏ä‡πâ‡∏™‡∏≥‡∏´‡∏£‡∏±‡∏ö‡∏ß‡∏≤‡∏î‡∏£‡∏π‡∏õ‡πÄ‡∏ó‡πà‡∏≤‡∏ô‡∏±‡πâ‡∏ô,,0
‡∏ú‡∏±‡∏á‡∏á‡∏≤‡∏ô,‡∏™‡∏±‡∏ç‡∏•‡∏±‡∏Å‡∏©‡∏ì‡πå‡∏£‡∏π‡∏õ‡∏ß‡∏á‡∏£‡∏µ (‡∏ó‡∏£‡∏á‡πÅ‡∏Ñ‡∏õ‡∏ã‡∏π‡∏•) ‡πÉ‡∏ô‡∏ú‡∏±‡∏á‡∏á‡∏≤‡∏ô ‡∏´‡∏°‡∏≤‡∏¢‡∏ñ‡∏∂‡∏á‡∏≠‡∏∞‡πÑ‡∏£,,2,1,‡∏Å. ‡∏Å‡∏≤‡∏£‡∏ï‡∏±‡∏î‡∏™‡∏¥‡∏ô‡πÉ‡∏à,,0,‡∏Ç. ‡∏Å‡∏≤‡∏£‡∏ó‡∏≥‡∏á‡∏≤‡∏ô ‡∏´‡∏£‡∏∑‡∏≠ ‡∏Å‡∏£‡∏∞‡∏ö‡∏ß‡∏ô‡∏Å‡∏≤‡∏£,,0,‡∏Ñ. ‡∏à‡∏∏‡∏î‡πÄ‡∏£‡∏¥‡πà‡∏°‡∏ï‡πâ‡∏ô ‡∏´‡∏£‡∏∑‡∏≠ ‡∏™‡∏¥‡πâ‡∏ô‡∏™‡∏∏‡∏î,,1,‡∏á. ‡∏Å‡∏≤‡∏£‡∏£‡∏±‡∏ö‡∏Ç‡πâ‡∏≠‡∏°‡∏π‡∏•,,0
‡∏ú‡∏±‡∏á‡∏á‡∏≤‡∏ô,‡∏™‡∏±‡∏ç‡∏•‡∏±‡∏Å‡∏©‡∏ì‡πå‡∏£‡∏π‡∏õ‡∏™‡∏µ‡πà‡πÄ‡∏´‡∏•‡∏µ‡πà‡∏¢‡∏°‡∏Ç‡∏ô‡∏°‡πÄ‡∏õ‡∏µ‡∏¢‡∏Å‡∏õ‡∏π‡∏ô (‡∏Ç‡πâ‡∏≤‡∏ß‡∏´‡∏•‡∏≤‡∏°‡∏ï‡∏±‡∏î) ‡πÉ‡∏ô‡∏ú‡∏±‡∏á‡∏á‡∏≤‡∏ô ‡∏´‡∏°‡∏≤‡∏¢‡∏ñ‡∏∂‡∏á‡∏≠‡∏∞‡πÑ‡∏£,,2,1,‡∏Å. ‡∏Å‡∏≤‡∏£‡∏ï‡∏±‡∏î‡∏™‡∏¥‡∏ô‡πÉ‡∏à ‡∏´‡∏£‡∏∑‡∏≠ ‡πÄ‡∏á‡∏∑‡πà‡∏≠‡∏ô‡πÑ‡∏Ç,,1,‡∏Ç. ‡∏Å‡∏≤‡∏£‡∏ó‡∏≥‡∏á‡∏≤‡∏ô ‡∏´‡∏£‡∏∑‡∏≠ ‡∏Å‡∏£‡∏∞‡∏ö‡∏ß‡∏ô‡∏Å‡∏≤‡∏£,,0,‡∏Ñ. ‡∏à‡∏∏‡∏î‡πÄ‡∏£‡∏¥‡πà‡∏°‡∏ï‡πâ‡∏ô ‡∏´‡∏£‡∏∑‡∏≠ ‡∏™‡∏¥‡πâ‡∏ô‡∏™‡∏∏‡∏î,,0,‡∏á. ‡∏ó‡∏¥‡∏®‡∏ó‡∏≤‡∏á‡∏Å‡∏≤‡∏£‡∏ó‡∏≥‡∏á‡∏≤‡∏ô,,0
‡∏ú‡∏±‡∏á‡∏á‡∏≤‡∏ô,"‡∏ñ‡πâ‡∏≤‡πÉ‡∏ô‡∏ú‡∏±‡∏á‡∏á‡∏≤‡∏ô‡∏°‡∏µ‡∏™‡∏±‡∏ç‡∏•‡∏±‡∏Å‡∏©‡∏ì‡πå‡∏™‡∏µ‡πà‡πÄ‡∏´‡∏•‡∏µ‡πà‡∏¢‡∏°‡∏Ç‡∏ô‡∏°‡πÄ‡∏õ‡∏µ‡∏¢‡∏Å‡∏õ‡∏π‡∏ô‡∏ó‡∏µ‡πà‡πÄ‡∏Ç‡∏µ‡∏¢‡∏ô‡∏ß‡πà‡∏≤ ""‡∏´‡∏¥‡∏ß‡∏´‡∏£‡∏∑‡∏≠‡πÑ‡∏°‡πà?"" ‡∏à‡∏∞‡∏°‡∏µ‡πÄ‡∏™‡πâ‡∏ô‡∏≠‡∏≠‡∏Å‡∏à‡∏≤‡∏Å‡∏™‡∏±‡∏ç‡∏•‡∏±‡∏Å‡∏©‡∏ì‡πå‡∏ô‡∏µ‡πâ‡∏Å‡∏µ‡πà‡πÄ‡∏™‡πâ‡∏ô",,2,1,‡∏Å. 1 ‡πÄ‡∏™‡πâ‡∏ô‡πÄ‡∏™‡∏°‡∏≠,,0,‡∏Ç. 2 ‡πÄ‡∏™‡πâ‡∏ô (‡πÄ‡∏ä‡πà‡∏ô ‡∏à‡∏£‡∏¥‡∏á/‡πÄ‡∏ó‡πá‡∏à ‡∏´‡∏£‡∏∑‡∏≠ ‡πÉ‡∏ä‡πà/‡πÑ‡∏°‡πà‡πÉ‡∏ä‡πà),,1,‡∏Ñ. 3 ‡πÄ‡∏™‡πâ‡∏ô‡πÄ‡∏™‡∏°‡∏≠,,0,‡∏á. ‡πÑ‡∏°‡πà‡∏°‡∏µ‡πÄ‡∏™‡πâ‡∏ô‡∏≠‡∏≠‡∏Å,,0
‡∏ú‡∏±‡∏á‡∏á‡∏≤‡∏ô,‡∏•‡∏π‡∏Å‡∏®‡∏£‡πÉ‡∏ô‡∏ú‡∏±‡∏á‡∏á‡∏≤‡∏ô ‡∏°‡∏µ‡πÑ‡∏ß‡πâ‡πÄ‡∏û‡∏∑‡πà‡∏≠‡∏≠‡∏∞‡πÑ‡∏£,,2,1,‡∏Å. ‡∏ï‡∏Å‡πÅ‡∏ï‡πà‡∏á‡πÉ‡∏´‡πâ‡∏™‡∏ß‡∏¢‡∏á‡∏≤‡∏°,,0,‡∏Ç. ‡∏ö‡∏≠‡∏Å‡∏ó‡∏¥‡∏®‡∏ó‡∏≤‡∏á‡∏Å‡∏≤‡∏£‡∏ó‡∏≥‡∏á‡∏≤‡∏ô‡∏Ç‡∏≠‡∏á‡∏Ç‡∏±‡πâ‡∏ô‡∏ï‡∏≠‡∏ô,,1,‡∏Ñ. ‡πÅ‡∏ö‡πà‡∏á‡πÅ‡∏¢‡∏Å‡∏û‡∏∑‡πâ‡∏ô‡∏ó‡∏µ‡πà,,0,‡∏á. ‡πÑ‡∏°‡πà‡∏°‡∏µ‡∏õ‡∏£‡∏∞‡πÇ‡∏¢‡∏ä‡∏ô‡πå,,0
‡∏ú‡∏±‡∏á‡∏á‡∏≤‡∏ô,"‡∏à‡∏≤‡∏Å‡∏ú‡∏±‡∏á‡∏á‡∏≤‡∏ô‡∏á‡πà‡∏≤‡∏¢‡πÜ: ‡πÄ‡∏£‡∏¥‡πà‡∏°‡∏ï‡πâ‡∏ô -> ‡∏ï‡πâ‡∏°‡∏ô‡πâ‡∏≥ -> ‡πÉ‡∏™‡πà‡∏ö‡∏∞‡∏´‡∏°‡∏µ‡πà -> ‡∏à‡∏ö ‡∏Ç‡∏±‡πâ‡∏ô‡∏ï‡∏≠‡∏ô‡πÉ‡∏î‡∏Ñ‡∏∑‡∏≠ ""‡∏Å‡∏£‡∏∞‡∏ö‡∏ß‡∏ô‡∏Å‡∏≤‡∏£"" (Process)",,2,1,‡∏Å. ‡πÄ‡∏£‡∏¥‡πà‡∏°‡∏ï‡πâ‡∏ô ‡πÅ‡∏•‡∏∞ ‡∏à‡∏ö,,0,‡∏Ç. ‡∏ï‡πâ‡∏°‡∏ô‡πâ‡∏≥ ‡πÅ‡∏•‡∏∞ ‡πÉ‡∏™‡πà‡∏ö‡∏∞‡∏´‡∏°‡∏µ‡πà,,1,‡∏Ñ. ‡∏ï‡πâ‡∏°‡∏ô‡πâ‡∏≥ ‡πÄ‡∏ó‡πà‡∏≤‡∏ô‡∏±‡πâ‡∏ô,,0,‡∏á. ‡πÑ‡∏°‡πà‡∏°‡∏µ‡∏Å‡∏£‡∏∞‡∏ö‡∏ß‡∏ô‡∏Å‡∏≤‡∏£,,0
‡∏ú‡∏±‡∏á‡∏á‡∏≤‡∏ô,‡∏Ç‡πâ‡∏≠‡πÉ‡∏î‡∏Ñ‡∏∑‡∏≠‡∏õ‡∏£‡∏∞‡πÇ‡∏¢‡∏ä‡∏ô‡πå‡∏ó‡∏µ‡πà‡∏™‡∏≥‡∏Ñ‡∏±‡∏ç‡∏ó‡∏µ‡πà‡∏™‡∏∏‡∏î‡∏Ç‡∏≠‡∏á‡∏Å‡∏≤‡∏£‡πÉ‡∏ä‡πâ‡∏ú‡∏±‡∏á‡∏á‡∏≤‡∏ô,,2,1,‡∏Å. ‡∏ó‡∏≥‡πÉ‡∏´‡πâ‡∏õ‡∏±‡∏ç‡∏´‡∏≤‡∏î‡∏π‡∏ã‡∏±‡∏ö‡∏ã‡πâ‡∏≠‡∏ô‡∏Ç‡∏∂‡πâ‡∏ô,,0,‡∏Ç. ‡∏ó‡∏≥‡πÉ‡∏´‡πâ‡πÄ‡∏´‡πá‡∏ô‡∏•‡∏≥‡∏î‡∏±‡∏ö‡∏Ç‡∏±‡πâ‡∏ô‡∏ï‡∏≠‡∏ô‡∏Å‡∏≤‡∏£‡∏ó‡∏≥‡∏á‡∏≤‡∏ô‡πÄ‡∏õ‡πá‡∏ô‡∏†‡∏≤‡∏û ‡πÄ‡∏Ç‡πâ‡∏≤‡πÉ‡∏à‡∏á‡πà‡∏≤‡∏¢,,1,‡∏Ñ. ‡∏ó‡∏≥‡πÉ‡∏´‡πâ‡πÄ‡∏Ç‡∏µ‡∏¢‡∏ô‡πÇ‡∏õ‡∏£‡πÅ‡∏Å‡∏£‡∏°‡πÑ‡∏î‡πâ‡πÇ‡∏î‡∏¢‡πÑ‡∏°‡πà‡∏ï‡πâ‡∏≠‡∏á‡∏Ñ‡∏¥‡∏î,,0,‡∏á. ‡∏ó‡∏≥‡πÉ‡∏´‡πâ‡πÉ‡∏ä‡πâ‡∏Å‡∏£‡∏∞‡∏î‡∏≤‡∏©‡πÄ‡∏¢‡∏≠‡∏∞‡∏Ç‡∏∂‡πâ‡∏ô,,0